CREATE SCHEMA ECOMMERCE__APPLICATION;
USE ECOMMERCE__APPLICATION;

-- CUSTOMER TABLE
CREATE TABLE CUSTOMERS(
CUSTOMER_ID INT NOT NULL PRIMARY KEY,
NAME VARCHAR(50) NOT NULL,
EMAIL VARCHAR(25) NOT NULL,
C_PASSWORD VARCHAR(15)
);

INSERT INTO CUSTOMERS()VALUES(1, 'John Doe', 'johndoe@example.com','JHON@123' ),(2, 'Jane Smith' ,'janesmith@example.com','jANE@456'),
(3, 'Robert Johnson','robert@example.com', 'ROBERT@789'),(4, 'Sarah Brown', 'sarah@example.com', 'SARAH@101'),(5, 'David Lee',' david@example.com', 'DAVID@234'),
(6,'Laura Hall', 'laura@example.com', 'LAURA@567'),(7, 'Michael Davis', 'michael@example.com', 'MICHAEL@890'),
(8, 'Emma Wilson', 'emma@example.com', 'EMMA2321'),(9, 'William Taylor', 'william@example.com', 'WILLIAM@432'),(10 ,'Olivia Adams', 'olivia@example.com', 'OLIVIA@765');

-- PRODUCT TABEL
CREATE TABLE PRODUCTS(
PRODUCT_ID INT NOT NULL PRIMARY KEY,
PRODUCT_NAME VARCHAR(50),
PRODUCT_PRICE decimal,
PRODUCT_DESCRIPTION VARCHAR(150),
STOCK_QUANTITY INT 
);

INSERT INTO PRODUCTS(PRODUCT_ID,PRODUCT_NAME,PRODUCT_DESCRIPTION,PRODUCT_PRICE,STOCK_QUANTITY)VALUES(1, 'Laptop', 'High-performance laptop', 800.00, 10),
(2, 'Smartphone', 'Latest smartphone' ,600.00, 15),
(3, 'Tablet', 'Portable tablet', 300.00, 20),
(4, 'Headphones', 'Noise-canceling', 150.00, 30),
(5, 'TV' ,'4K Smart TV' ,900.00, 5),
(6, 'Coffee Maker', 'Automatic coffee maker', 50.00, 25);
INSERT INTO PRODUCTS(PRODUCT_ID,PRODUCT_NAME,PRODUCT_DESCRIPTION,PRODUCT_PRICE,STOCK_QUANTITY)VALUES(7, 'Refrigerator', 'Energy-efficient', 700.00, 10),
(8 ,'Microwave Oven', 'Countertop microwave' ,80.00 ,15),
(9, 'Blender' ,'High-speed blender', 70.00, 20),
(10 ,'Vacuum Cleaner', 'Bagless vacuum cleaner' ,120.00 ,10);

CREATE TABLE CART(
CART_ID INT NOT NULL PRIMARY KEY,
CUSTOMER_ID INT NOT NULL,
PRODUCT_ID INT NOT NULL,
QUANTITY INT ,
FOREIGN KEY(CUSTOMER_ID) REFERENCES CUSTOMERS(CUSTOMER_ID),
FOREIGN KEY(PRODUCT_ID) REFERENCES PRODUCTS(PRODUCT_ID)
);

INSERT INTO CART()VALUES(1, 1, 1, 2), 
(2, 1, 3, 1), 
(3, 2, 2, 3 ),
(4 ,3 ,4 ,4 ),
(5, 3, 5, 2 ),
(6 ,4 ,6 ,1 ),
(7, 5, 1, 1 ),
(8 ,6 ,10 ,2 ),
(9, 6, 9, 3 ),
(10 ,7 ,7 ,2 );


-- ORDER TABLE
CREATE TABLE ORDERS(
ORDER_ID INT NOT NULL PRIMARY KEY,
CUSTOMER_ID INT NOT NULL,
ORDER_DATE DATE NOT NULL,
TOTAL_PRICE BIGINT, 
SHIPPING_ADDRESS VARCHAR(100),
FOREIGN KEY(CUSTOMER_ID) REFERENCES CUSTOMERS(CUSTOMER_ID)
);

INSERT INTO ORDERS()VALUES(1 ,1, '2023-01-05', 1200.00,'ADD1'),
(2, 2, '2023-02-10', 900.00,'ADD2'), 
(3, 3, '2023-03-15', 300.00,'ADD3'), 
(4, 4, '2023-04-20', 150.00,'ADD4'), 
(5, 5, '2023-05-25', 1800.00,'ADD5'),
(6, 6, '2023-06-30', 400.00,'ADD6'),
(7, 5 ,'2023-07-05', 700.00,'ADD7'),
(8, 8,'2023-08-10', 160.00,'ADD8'), 
(9, 9, '2023-09-15', 140.00,'ADD9'), 
(10, 5, '2023-10-20', 1400.00,'ADD10'); 

-- ORDER ITEM TABLE
CREATE TABLE ORDER_ITEMS(
ORDER_ITEM_ID INT NOT NULL PRIMARY KEY,
ORDER_ID INT NOT NULL,
PRODUCT_ID INT NOT NULL,
QUANTITY INT,
FOREIGN KEY(ORDER_ID) REFERENCES ORDERS(ORDER_ID),
FOREIGN KEY(PRODUCT_ID) REFERENCES PRODUCTS(PRODUCT_ID) 
);

INSERT INTO ORDER_ITEMS(ORDER_ITEM_ID,ORDER_ID,PRODUCT_ID,QUANTITY)VALUES (1,1,1,2),
(2, 1, 3, 1),
(3 ,2 ,2 ,3),
(4 ,3, 5 ,2),
(5 ,4 ,4 ,4),
(6 ,4, 6, 1) ,
(7 ,5 ,1 ,1 ), 
(8 ,5 ,2 ,2), 
(9 ,6 ,10 ,2 ), 
(10, 6 ,3, 3);

